Method,Silhouette,Calinski_Harabasz,ARI,NMI
VAE + KMeans,0.17474119365215302,1717.9498291015625,0.16726858096001068,0.287929688788367
RAW + GMM,0.037263937294483185,612.3423461914062,0.19926473579647488,0.31330309563601955
PCA + KMeans,0.15821214020252228,1460.594482421875,0.16238808830782742,0.2844572209324169
